predicted_class,class,V_L1,V_L2,V_L3,V_L12,V_L23,V_L31,A_L1,A_L2,A_L3,VA_L1,VA_L2,VA_L3,W_L1,W_L2,W_L3,Q_L1,Q_L2,Q_L3,PF_L1,PF_L2,PF_L3,THD_L1,THD_L2,THD_L3
1,0,99.87252045,125.5898361,114.9744492,197.1708527,196.5264435,193.8778687,0.139756724,0.108444206,0.139962807,13.95785618,13.61948967,16.09214592,10.58114815,9.883227348,13.39036369,8.343385696,7.719896317,7.97998333,0.758078337,0.725667953,0.832105517,5.506266594,5.562119484,4.475197315
1,0,99.78583527,125.5134277,114.9618301,196.9671021,196.5253448,193.7919464,0.139042869,0.109212123,0.142475098,13.87450886,13.7075882,16.37919807,10.41232872,9.977665901,13.46038914,8.377947807,7.580366611,8.212770462,0.750464678,0.727893591,0.821797788,5.377067566,5.46084547,4.365413666
1,0,99.77973938,125.609436,115.0286713,197.0614777,196.6460114,193.8488312,0.140222386,0.108230837,0.139616802,13.99135303,13.5948143,16.05993462,10.64298153,9.839672089,13.40393162,8.35681057,7.800132275,7.931878567,0.760682821,0.723781288,0.834619343,5.437455177,5.522497177,4.337563038
1,0,99.06323242,126.8584366,115.5820847,197.4770813,197.0537872,194.4561768,0.131614298,0.103920341,0.133232459,13.03813744,13.18317223,15.39928532,10.59961987,10.34122849,13.19633198,7.021408558,7.043989182,7.357272148,0.8129704,0.784426391,0.856944442,5.981460571,5.519447327,4.739699364
1,0,99.61049652,125.5917206,115.313324,196.9080505,196.5595551,194.1138458,0.133099392,0.105574362,0.132873565,13.25809669,13.2592659,15.32209206,10.68752003,10.2835083,13.06633854,7.131225109,7.09987545,7.260577679,0.806112707,0.775571465,0.852777719,5.809945583,5.480511189,4.631990433
1,0,99.86741638,125.6596985,115.0757599,197.2104492,196.7193756,193.9473572,0.136315793,0.105774172,0.137475342,13.61350632,13.29155064,15.8200798,10.54142952,9.974163055,13.35965443,7.923089504,7.342120647,7.675456047,0.7743361,0.750413775,0.844474554,5.516936779,5.581957817,4.487125397
1,0,99.8841095,125.6132355,115.025795,197.1512909,196.6675568,193.9268646,0.134952769,0.104853556,0.136254981,13.47963715,13.17099476,15.67283726,10.57738686,10.0119381,13.33396053,7.726588249,7.221048355,7.498277664,0.784693718,0.760150492,0.850768745,5.581297874,5.596196651,4.526560783
1,0,98.99458313,126.8214417,115.6184769,197.3788452,197.0036469,194.4701691,0.131902829,0.103762448,0.134503484,13.05766582,13.15930367,15.55108833,10.54810619,10.33691406,13.28044224,7.129051685,7.020680904,7.501551628,0.807809472,0.785521328,0.853987992,5.944176674,5.603648186,4.637860775
1,0,99.42856598,126.3026199,115.6341629,197.3294678,196.9447937,194.5480499,0.128340006,0.102214396,0.132865995,12.76066303,12.90994644,15.36384773,10.47958851,10.42670822,13.16373253,6.813382149,6.598804474,7.259984493,0.821241677,0.807649195,0.856799185,6.003633022,5.671699047,4.835121632
1,0,98.99458313,126.8214417,115.6184769,197.3788452,197.0036469,194.4701691,0.131902829,0.103762448,0.134503484,13.05766582,13.15930367,15.55108833,10.54810619,10.33691406,13.28044224,7.129051685,7.020680904,7.501551628,0.807809472,0.785521328,0.853987992,5.944176674,5.603648186,4.637860775
1,0,99.84308624,125.7586594,115.5095978,197.3723755,196.8156586,194.4276276,0.130539,0.104358129,0.131702945,13.03341675,13.12393856,15.21295452,10.56296062,10.33384228,13.0049572,7.029483318,6.959734917,7.297588825,0.810452163,0.78740406,0.854860723,5.88647747,5.515676498,4.769170284
4,0,99.296875,124.7809525,114.7205124,195.6666565,195.8707581,192.936203,1.147753716,1.023914695,0.960650563,113.9683609,127.7650528,110.2063217,17.69797707,15.40683651,16.96451187,31.61219788,37.58096695,30.21860313,0.155288517,0.120587252,0.153934106,6.204977989,5.951700211,5.023362637
1,0,99.83601379,125.6183319,115.0580902,197.0949249,196.7273254,193.9037628,0.134621099,0.106598735,0.134503409,13.44003391,13.39075565,15.47570515,10.64945698,10.11150742,13.10724926,7.52674675,7.389974117,7.428616524,0.792368293,0.755111039,0.846956491,5.523757458,5.619308949,4.506547928
1,0,99.07533264,126.878006,115.6035309,197.5088959,197.0870361,194.484726,0.132265449,0.105608553,0.132718176,13.10424328,13.39940262,15.34268951,10.63490105,10.44591522,13.096035,6.961905956,7.170366764,7.414721966,0.811561644,0.779580653,0.853568375,6.004058838,5.539704323,4.722667694
1,0,99.06269836,126.8296051,115.6889877,197.4366302,197.0756531,194.5822144,0.132211149,0.105324566,0.13393195,13.09719276,13.35827351,15.49445152,10.6093874,10.42533684,13.20479202,7.015045166,7.07518816,7.459271431,0.810050488,0.78044045,0.852227151,6.277587414,5.950731754,5.067058563
1,0,99.06704712,126.9111023,115.6134872,197.5238037,197.1285248,194.4875031,0.131345689,0.104038924,0.132993862,13.01202965,13.20369434,15.37588406,10.60463524,10.41033077,13.17952728,6.963716507,7.034738541,7.370819092,0.814987004,0.788440764,0.85715574,5.934550762,5.557575703,4.697319984
1,0,99.05109406,126.8165283,115.6353226,197.4316711,197.0012817,194.5245667,0.134382606,0.107111104,0.135112748,13.31074429,13.58345795,15.623806,10.64702702,10.38483047,13.20113659,7.259879112,7.354375839,7.647356033,0.799882174,0.764520407,0.844937325,6.127598286,5.809388161,4.919525623
1,0,99.17668152,126.8804398,115.7263184,197.572052,197.1423035,194.7311096,0.136290193,0.106837526,0.13584286,13.51680946,13.55559254,15.72059441,10.71090508,10.19078159,13.30198956,7.525199413,7.500904083,7.67387867,0.792413712,0.751776934,0.846150517,5.920470238,5.636684895,4.814158916
1,0,99.14260101,126.914917,115.8086243,197.5765686,197.2680969,194.7641754,0.13229315,0.105081931,0.134299576,13.11588669,13.33646488,15.55304909,10.5627327,10.39331532,13.22080421,7.1005826,7.110797882,7.536278248,0.8053388,0.779315591,0.8500458,5.968324661,5.55800581,4.672329426
1,0,99.13404846,126.9115982,115.70578,197.5826111,197.1692352,194.6452179,0.134193003,0.106622279,0.134183556,13.30309582,13.53160381,15.5258131,10.65923691,10.32370758,13.15670013,7.233616829,7.365372181,7.563603401,0.801259875,0.762933016,0.847408116,6.146100998,5.766908169,4.956157207
1,0,99.08670044,126.8159866,115.7341461,197.3968353,197.1384888,194.6652832,0.134299725,0.106799066,0.133482829,13.30731678,13.54382896,15.44852161,10.71126938,10.31630802,13.10842133,7.167506695,7.429436684,7.502073765,0.804915786,0.761698067,0.848522723,5.948460579,5.706710815,4.736079693
1,0,99.10109711,126.8571625,115.6148987,197.5240021,197.038269,194.5346069,0.132518187,0.104635879,0.133919328,13.13269806,13.27381039,15.48306942,10.59930611,10.32999611,13.1951704,7.122055531,7.127522469,7.457633018,0.807092786,0.778223872,0.852232218,6.012615681,5.49828434,4.781424999
1,0,99.09201813,126.8644104,115.6011963,197.5018921,197.0631409,194.5030365,0.130455866,0.104403324,0.13386564,12.92713547,13.24506664,15.47502804,10.49014759,10.5379076,13.19704819,6.928073406,6.915951252,7.533919334,0.811482787,0.795610011,0.852796376,5.951888084,5.645546913,4.851991177
1,0,99.10920715,126.9169998,115.6645966,197.5504303,197.1641083,194.5759125,0.13294062,0.105497532,0.133841008,13.17563915,13.38943005,15.48066616,10.60250568,10.35328865,13.16571903,7.128779411,7.21004343,7.518554688,0.804705203,0.773243427,0.850462019,6.052341938,5.806232452,4.934194565
1,0,99.06891632,126.8753891,115.6179657,197.48172,197.0838623,194.5113678,0.133248761,0.106632546,0.133750588,13.20081043,13.52904606,15.46397114,10.65691757,10.46761417,13.10112381,7.071303844,7.313824177,7.553902626,0.8072927,0.773714125,0.847203076,5.984268188,5.657321453,4.741029263
1,0,99.03551483,126.8573456,115.581192,197.4673462,197.0479431,194.4223633,0.131394342,0.104511365,0.13229306,13.0127058,13.25803471,15.29058933,10.65684223,10.44677925,13.11458969,6.888024807,7.082771778,7.308980942,0.818956673,0.787958384,0.857690275,6.027693272,5.605066776,4.800557613
1,0,99.09626007,126.8078308,115.6197739,197.4796143,196.9471741,194.5570221,0.13402015,0.105432622,0.135201961,13.28089523,13.36968231,15.63202,10.63055229,10.26432514,13.27943611,7.286977768,7.217507839,7.541534424,0.800439417,0.767731428,0.849502265,6.057758808,5.740450859,4.859798431
1,0,99.15755463,127.0013657,115.7026138,197.6847076,197.2932434,194.6226349,0.135142744,0.105785757,0.135570943,13.400424,13.43493557,15.68591213,10.66140842,10.2330122,13.32637024,7.416486263,7.333960056,7.594509602,0.795602322,0.761671841,0.849575758,5.983067989,5.68543005,4.830336094
1,0,99.77276611,125.6123123,114.9946518,197.0557861,196.6659393,193.78685,0.138554499,0.106964059,0.135640562,13.82396603,13.43600273,15.59793949,10.78310585,9.817785263,13.24916363,7.942320347,7.667512894,7.427497864,0.780029833,0.730707288,0.849417567,5.51177454,5.517799854,4.398143291
1,0,99.15505981,126.9444199,115.6541061,197.6212616,197.1894379,194.5969849,0.133943111,0.106414825,0.135020912,13.28113747,13.50876808,15.61572266,10.61940956,10.35540867,13.21411324,7.274774075,7.307363033,7.626934052,0.799585819,0.766569436,0.846205711,5.901756763,5.560157299,4.801594257
1,0,99.04006958,126.8170471,115.5805817,197.3929291,196.9952698,194.4720154,0.137268379,0.109566152,0.1333794,13.59506989,13.8948555,15.41606903,10.88372612,10.34724617,12.98763561,7.329016209,7.876027584,7.607187748,0.80056417,0.744681835,0.842473865,5.883473396,5.520382404,4.639648438
1,0,99.08128357,126.8353729,115.6044388,197.4506989,197.0186768,194.533905,0.131208017,0.103339583,0.134243697,13.00025845,13.10711479,15.51916695,10.54229641,10.36944389,13.28055573,7.060107708,6.947822571,7.45458746,0.810929775,0.7911309,0.855751872,5.824182034,5.502262592,4.6294384
1,0,99.20865631,126.942688,115.7738876,197.6976318,197.2401276,194.7694702,0.132975847,0.106380455,0.134497762,13.19235516,13.50422096,15.57132912,10.55036449,10.41133976,13.1563282,7.188259125,7.238034248,7.658828259,0.799733222,0.770969272,0.844907224,6.0748806,5.579797745,4.858072281
1,0,98.82286072,126.6234131,115.3900528,197.0543976,196.7306976,194.0480194,0.131761938,0.103941754,0.133771643,13.02109146,13.16145992,15.4359169,10.53284168,10.33193398,13.23459911,6.994196415,6.922803879,7.353564739,0.808906198,0.785014272,0.857389867,6.144424915,5.667554855,5.057755947
1,0,99.04694366,126.8187485,115.6291504,197.3784332,197.1054077,194.4829559,0.133206204,0.105512537,0.134333059,13.19366741,13.38096809,15.53281784,10.64120483,10.33002377,13.22396851,7.164902687,7.21924448,7.484637737,0.80653882,0.771993756,0.851356685,5.928096771,5.653614044,4.886881828
1,0,98.67041016,127.4449768,115.6051559,197.4699249,197.0771332,194.5555573,0.134090737,0.10608305,0.135178864,13.23078823,13.51975155,15.6273737,10.62266541,10.35063362,13.23583317,7.1875453,7.339868069,7.628126144,0.802874744,0.765593469,0.846964657,6.250132084,5.885079384,5.074215889
1,0,99.07533264,126.878006,115.6035309,197.5088959,197.0870361,194.484726,0.132265449,0.105608553,0.132718176,13.10424328,13.39940262,15.34268951,10.63490105,10.44591522,13.096035,6.961905956,7.170366764,7.414721966,0.811561644,0.779580653,0.853568375,6.004058838,5.539704323,4.722667694
1,0,99.83474731,125.597908,115.0817337,197.1101532,196.6745148,193.9411926,0.134143606,0.104972698,0.13391839,13.39219284,13.18435097,15.41156006,10.66263485,10.04147911,13.17251301,7.498864651,7.265513897,7.303144932,0.796182871,0.761621058,0.85471642,5.526692867,5.508627892,4.437466145
1,0,99.10400391,126.8111725,115.5676956,197.4564056,196.966217,194.5101013,0.133481458,0.106185444,0.133515432,13.2285471,13.46550083,15.43007088,10.70092297,10.39521599,13.119977,7.124617577,7.335625648,7.497702122,0.808926523,0.771988809,0.850286245,5.862896442,5.482186317,4.755355835
1,0,99.05150604,126.7870178,115.6495895,197.4030457,196.9830322,194.5430908,0.133091599,0.105591483,0.135482118,13.18292332,13.38762951,15.66845131,10.56578064,10.37820721,13.27383041,7.194952011,7.115177155,7.602571487,0.80147481,0.775208712,0.84716928,6.194211006,5.847677231,4.997025013
1,0,99.11354065,126.8130341,115.5908279,197.4613037,196.9767761,194.5478058,0.134644851,0.106917903,0.134601071,13.34512806,13.55858326,15.55864906,10.68793297,10.36904621,13.16591549,7.298910618,7.441448689,7.655191898,0.800886512,0.764758825,0.84621197,5.871099949,5.529938698,4.747846127
1,0,99.0828476,126.9002228,115.6158295,197.5344849,197.1378479,194.484848,0.130057901,0.103489414,0.13252826,12.88650703,13.13282967,15.32236481,10.53924847,10.45446014,13.15317535,6.840706825,6.895316601,7.334568977,0.817851424,0.796055436,0.858429849,6.05833292,5.612274647,4.829843521
1,0,99.07551575,126.8967361,115.5984116,197.5374756,197.1212616,194.4473877,0.132490128,0.104634508,0.133583173,13.12652779,13.27777767,15.4420023,10.61102104,10.35418987,13.2114296,7.046729088,7.072133064,7.381146908,0.80836463,0.779813468,0.8555516,6.077272415,5.688187599,4.892043591
1,0,99.17097473,126.908783,115.697937,197.6380615,197.1308594,194.6807861,0.133741811,0.105589181,0.134823635,13.26330566,13.40019417,15.59881687,10.6301775,10.3275795,13.23803711,7.310825825,7.305848598,7.623895168,0.801472723,0.770703733,0.848656476,5.970103264,5.494888306,4.707953453
1,0,99.06712341,126.8830719,115.6678314,197.5139313,197.1103363,194.5565643,0.134907648,0.106442399,0.134134203,13.36491299,13.50573826,15.51501274,10.72426796,10.2802515,13.17607689,7.204493046,7.357024193,7.433695793,0.802419603,0.761176586,0.849246919,5.903557777,5.50406599,4.61111784
1,0,99.02818298,126.8709793,115.5659485,197.4417114,197.084259,194.397522,0.133414388,0.10647364,0.13293992,13.21178436,13.50841522,15.36332798,10.70876884,10.39003563,13.06431484,7.074333191,7.377818584,7.444068909,0.810546756,0.76915282,0.850357115,5.895693302,5.547321796,4.718770027
1,0,98.8438797,126.6820221,115.3867874,197.1076813,196.7543488,194.0874634,0.133173838,0.104622811,0.133920759,13.16341877,13.253829,15.45268631,10.63085842,10.28719616,13.20580864,7.126368046,7.155277252,7.407338619,0.807606161,0.77616787,0.854596317,5.9505229,5.693360329,4.838581085
1,0,99.08469391,126.8195114,115.5871353,197.4258575,197.0162964,194.5088959,0.131149977,0.103748307,0.133473456,12.99495506,13.15730953,15.42781448,10.54136562,10.38279724,13.20654869,6.989628315,6.957801819,7.419931889,0.811189055,0.789127707,0.856022,5.850522995,5.504368305,4.741346359
1,0,99.09000397,126.8179626,115.5567245,197.4559937,196.9355621,194.5059814,0.134432375,0.107380353,0.132683307,13.32090473,13.6177578,15.33244801,10.75901604,10.4311552,13.01410389,7.087919235,7.493596077,7.505197525,0.807679057,0.765996516,0.848794937,5.816569328,5.456833363,4.598564625
1,0,99.2292099,126.9427948,115.8532257,197.6930237,197.2803955,194.882843,0.13188763,0.105401829,0.13441965,13.08710575,13.38000298,15.57295036,10.52232552,10.43375969,13.17330837,7.134730816,7.152270317,7.668562412,0.804022372,0.779802501,0.845909595,6.226317406,5.876255035,5.049846649
1,0,99.0828476,126.9002228,115.6158295,197.5344849,197.1378479,194.484848,0.130057901,0.103489414,0.13252826,12.88650703,13.13282967,15.32236481,10.53924847,10.45446014,13.15317535,6.840706825,6.895316601,7.334568977,0.817851424,0.796055436,0.858429849,6.05833292,5.612274647,4.829843521
1,0,99.19573975,126.8669891,115.7140274,197.5690002,197.1326752,194.7376099,0.133533806,0.106169306,0.133295104,13.24598503,13.46938038,15.42411327,10.68382454,10.36639595,13.13218307,7.097548962,7.288683891,7.457696915,0.806570768,0.769626796,0.851406038,5.913406849,5.511158943,4.824576855
1,0,99.97174835,125.5968857,115.1391983,197.2603149,196.6033936,194.1215057,0.134299055,0.104942732,0.133779675,13.42611122,13.18048,15.40328407,10.73362637,10.15426445,13.23084259,7.411242485,7.130116463,7.272517681,0.79945904,0.770401716,0.858962476,5.717952251,5.535356998,4.680906296
1,0,99.81253052,125.5959396,114.969101,197.0427551,196.6651306,193.791153,0.135750175,0.106773309,0.136648923,13.54956818,13.41029453,15.71040344,10.59139347,10.05713463,13.26885319,7.741652489,7.353343487,7.57050848,0.781677544,0.74995631,0.844590247,5.455591679,5.575184345,4.429873943
1,0,98.99842834,126.7261276,115.6332397,197.2944946,196.9212646,194.4850922,0.131553248,0.105088145,0.136162922,13.02356434,13.31741333,15.74495983,10.43884945,10.45961666,13.2984972,7.131818771,6.942133904,7.693189144,0.801535547,0.785409033,0.844619334,6.231351376,5.950066566,5.04234314
1,0,99.17097473,126.908783,115.697937,197.6380615,197.1308594,194.6807861,0.133741811,0.105589181,0.134823635,13.26330566,13.40019417,15.59881687,10.6301775,10.3275795,13.23803711,7.310825825,7.305848598,7.623895168,0.801472723,0.770703733,0.848656476,5.970103264,5.494888306,4.707953453
1,0,99.04690552,126.8887558,115.6287766,197.4812164,197.1363373,194.4804077,0.133575201,0.105807282,0.132465377,13.2302103,13.42575455,15.31680965,10.74658012,10.36243725,13.0917387,7.052355766,7.347558498,7.365022182,0.812275827,0.771832764,0.854730129,6.060050488,5.594918728,4.762173653
1,0,99.11743164,126.8849945,115.6288986,197.5645447,197.0657196,194.564621,0.132905558,0.104239985,0.135425642,13.17325783,13.22649002,15.6591177,10.52961159,10.28806782,13.32769108,7.320542336,7.103696823,7.627033234,0.799317181,0.777838111,0.851113796,6.020368576,5.529679298,4.759067535
1,0,99.00597382,126.8966675,115.5898438,197.4538116,197.1058807,194.3977661,0.133493543,0.105140269,0.13504684,13.21665859,13.34194946,15.61004353,10.62109375,10.30570316,13.27616692,7.196837902,7.147781849,7.479476929,0.80361414,0.772428572,0.850488782,6.114984989,5.82783556,4.890049934
1,0,99.05310822,126.8703613,115.6751251,197.4933014,197.1460571,194.5207672,0.132879063,0.105264843,0.133327082,13.16208458,13.35498905,15.4226265,10.64268589,10.37574291,13.18443966,7.031494617,7.136340618,7.391689301,0.808586657,0.776918888,0.854876399,6.154002666,5.656741142,4.897178173
1,0,99.15615082,126.8901215,115.7344818,197.578186,197.147995,194.7111816,0.134749159,0.107009344,0.135334566,13.36120796,13.57842827,15.66287613,10.63588428,10.30975819,13.2150135,7.358528137,7.397417068,7.686932087,0.796027124,0.759274781,0.843715608,6.1286726,5.80923748,4.981647015
1,0,99.8201828,125.6149521,115.0592346,197.0868225,196.673111,193.9235229,0.136313334,0.106280483,0.136853307,13.60682201,13.35041809,15.7462368,10.62450886,9.975069046,13.31088543,7.769643784,7.320949554,7.502384186,0.780822217,0.747172773,0.84533757,5.317282677,5.487328053,4.327703953
1,0,99.07310486,126.8231277,115.608902,197.4253693,197.0374756,194.5195007,0.130856767,0.10409531,0.133373871,12.96438599,13.20169258,15.41920662,10.53245544,10.45349216,13.17680931,6.950601578,6.978480339,7.457755566,0.812414527,0.791829705,0.854571164,5.850915909,5.477641106,4.670488834
1,0,99.15406036,126.8967743,115.7405014,197.5316467,197.2384491,194.7010956,0.135080904,0.107045665,0.136582002,13.39381981,13.58374977,15.80806923,10.62065601,10.29986382,13.28098583,7.469078064,7.43318224,7.781092167,0.792952001,0.758248925,0.840139627,5.877104282,5.651587486,4.837009907
1,0,98.98179626,126.7498703,115.5867615,197.3094177,196.916626,194.4139557,0.131331936,0.104696564,0.133844554,12.99947071,13.27027607,15.4706583,10.52460194,10.44396877,13.18398476,6.977998734,6.989753246,7.494998932,0.809617698,0.78701973,0.852192879,6.117413044,5.753798485,4.891105175
1,0,99.03346252,126.7370377,115.5537872,197.2843933,196.9151764,194.4573364,0.132741854,0.105123632,0.132684246,13.14588547,13.32305813,15.33216667,10.69544125,10.37217999,13.13541698,6.992974281,7.194674015,7.352581501,0.813596129,0.778513432,0.856722832,5.772078514,5.509710789,4.648441792
1,0,99.06558228,126.8236618,115.5834808,197.4536133,196.9762878,194.4882507,0.13502261,0.106225818,0.134770319,13.37609386,13.47194767,15.57722282,10.68537998,10.2478447,13.21749878,7.377221107,7.426575184,7.59631443,0.798841596,0.760680258,0.848514438,5.973973274,5.566372871,4.727220058
1,0,99.7868042,125.5884552,114.950676,197.0089722,196.6360016,193.7640076,0.138785377,0.108538464,0.137171179,13.84894943,13.6311779,15.76791954,10.72924709,9.919210434,13.2406292,7.979726315,7.708786488,7.608769894,0.774733663,0.727685511,0.839719474,5.408344269,5.594799519,4.440536499
1,0,99.09846497,126.802742,115.6135941,197.4370575,196.9852905,194.5655212,0.131268218,0.105064586,0.133211538,13.00847912,13.32247734,15.40106487,10.54870605,10.46661186,13.12622643,6.927945614,7.027340412,7.464072227,0.810910046,0.785635531,0.852293432,5.861850262,5.477662086,4.666006565
1,0,99.86741638,125.6596985,115.0757599,197.2104492,196.7193756,193.9473572,0.136315793,0.105774172,0.137475342,13.61350632,13.29155064,15.8200798,10.54142952,9.974163055,13.35965443,7.923089504,7.342120647,7.675456047,0.7743361,0.750413775,0.844474554,5.516936779,5.581957817,4.487125397
1,0,99.07551575,126.8967361,115.5984116,197.5374756,197.1212616,194.4473877,0.132490128,0.104634508,0.133583173,13.12652779,13.27777767,15.4420023,10.61102104,10.35418987,13.2114296,7.046729088,7.072133064,7.381146908,0.80836463,0.779813468,0.8555516,6.077272415,5.688187599,4.892043591
1,0,98.98499298,126.7172775,115.580864,197.2680511,196.8790131,194.426651,0.131930605,0.104483999,0.136206642,13.05914974,13.23992825,15.74288177,10.43487263,10.35110283,13.34881973,7.210741043,6.924829006,7.657073021,0.799046874,0.781809568,0.847927332,6.127146244,5.839326382,4.938514233
1,0,99.1007309,126.913559,115.6801682,197.5789032,197.1313629,194.5950775,0.131759286,0.104979821,0.132518739,13.05744171,13.32336235,15.32979012,10.62172699,10.42088985,13.08123589,6.971553326,7.177220821,7.425270081,0.813461542,0.782151639,0.853321254,6.094036102,5.67378521,4.773210526
1,0,99.08127594,126.8802185,115.6283569,197.5018158,197.0902405,194.5348816,0.136707827,0.108714573,0.135249212,13.54518604,13.79372883,15.63864422,10.75817871,10.31216049,13.13358021,7.420316219,7.668376446,7.690017223,0.794243693,0.747597754,0.839815795,5.953112602,5.557069778,4.716337204
1,0,99.83474731,125.597908,115.0817337,197.1101532,196.6745148,193.9411926,0.134143606,0.104972698,0.13391839,13.39219284,13.18435097,15.41156006,10.66263485,10.04147911,13.17251301,7.498864651,7.265513897,7.303144932,0.796182871,0.761621058,0.85471642,5.526692867,5.508627892,4.437466145
1,0,98.98499298,126.7172775,115.580864,197.2680511,196.8790131,194.426651,0.131930605,0.104483999,0.136206642,13.05914974,13.23992825,15.74288177,10.43487263,10.35110283,13.34881973,7.210741043,6.924829006,7.657073021,0.799046874,0.781809568,0.847927332,6.127146244,5.839326382,4.938514233
1,0,99.11695099,126.8740997,115.6908798,197.5126953,197.0998077,194.6519775,0.133181304,0.106829241,0.133420154,13.20052433,13.55386353,15.43549538,10.68550396,10.45004177,13.05843735,7.04706955,7.345343113,7.520771503,0.80947572,0.771000981,0.846000552,5.968342781,5.737726688,4.813586712
1,0,99.03346252,126.7370377,115.5537872,197.2843933,196.9151764,194.4573364,0.132741854,0.105123632,0.132684246,13.14588547,13.32305813,15.33216667,10.69544125,10.37217999,13.13541698,6.992974281,7.194674015,7.352581501,0.813596129,0.778513432,0.856722832,5.772078514,5.509710789,4.648441792
1,0,99.84534454,125.5652237,115.0617294,197.0647583,196.655304,193.9330139,0.139200971,0.108764969,0.139330685,13.89856911,13.65709782,16.03162956,10.5554657,9.931893349,13.33478069,8.240809441,7.722473145,7.985695839,0.759464204,0.727233112,0.83177948,5.425717831,5.474485874,4.431963921
1,0,99.08163452,126.9215317,115.7419968,197.5630493,197.237915,194.613205,0.131244481,0.103926972,0.132877782,13.00391769,13.19057083,15.37953949,10.55030441,10.35730743,13.14680004,7.009786129,7.065268517,7.417495728,0.811317384,0.785205424,0.854824066,6.143600941,5.63472271,4.831268311
1,0,99.29354095,126.9795151,115.5727844,197.5603333,197.192688,194.721344,0.131506041,0.108049788,0.133869126,13.05770016,13.72010994,15.47162724,10.57229519,10.79295349,12.89188576,6.894304752,7.324223518,7.770304203,0.809659839,0.786652088,0.833259821,6.024484634,5.821597099,4.866368771
1,0,99.05603027,126.914032,115.592247,197.5328522,197.1152039,194.4384003,0.132949606,0.105102867,0.134110957,13.1694603,13.33902836,15.50218678,10.62327194,10.34360123,13.21223354,7.120354176,7.156934261,7.447600842,0.806659639,0.775438905,0.852281928,6.014136791,5.679001331,4.802929401
1,0,99.08127594,126.8802185,115.6283569,197.5018158,197.0902405,194.5348816,0.136707827,0.108714573,0.135249212,13.54518604,13.79372883,15.63864422,10.75817871,10.31216049,13.13358021,7.420316219,7.668376446,7.690017223,0.794243693,0.747597754,0.839815795,5.953112602,5.557069778,4.716337204
1,2,88.33052063,126.7851715,119.0845642,184.9364319,207.2225037,186.4937286,2.181064129,2.951215744,0.911673605,192.6545258,374.1703796,108.5662537,105.7075882,-114.605957,-87.42243958,160.3926239,355.5822754,62.56120682,0.548689902,0.306293517,0.805245042,6.211092472,5.271697044,5.009392738
1,0,99.86831665,125.6525879,115.0729828,197.1982422,196.7191925,193.9458923,0.134991631,0.106599592,0.136376441,13.48138714,13.39451504,15.69324398,10.54726219,10.09232616,13.20389175,7.695688725,7.341859341,7.610618114,0.782357335,0.753467083,0.841374278,5.476060867,5.535818577,4.446168423
1,0,99.09000397,126.8179626,115.5567245,197.4559937,196.9355621,194.5059814,0.134432375,0.107380353,0.132683307,13.32090473,13.6177578,15.33244801,10.75901604,10.4311552,13.01410389,7.087919235,7.493596077,7.505197525,0.807679057,0.765996516,0.848794937,5.816569328,5.456833363,4.598564625
1,0,99.10588074,126.9213181,115.6323853,197.6119843,197.0691376,194.5534668,0.133822963,0.105773136,0.13463673,13.26264286,13.42486572,15.56836605,10.60842228,10.2983923,13.19073009,7.299969673,7.319262981,7.620250225,0.799872398,0.767113268,0.847277761,6.084787846,5.67566967,4.883797646
1,0,99.20539093,126.9338531,115.8206253,197.6665649,197.2501221,194.830368,0.131344244,0.103700966,0.133496061,13.03005695,13.16316319,15.46159744,10.59542942,10.36100292,13.24269867,6.967746735,6.941176891,7.345082283,0.813152969,0.787121058,0.856489658,6.172467709,5.787034512,4.937499523
1,0,99.86325073,125.5993118,115.0338287,197.1198883,196.6659851,193.907074,0.136202067,0.107101217,0.137935936,13.60158157,13.45183945,15.86729908,10.49992847,10.07283211,13.34029865,7.93951416,7.399868965,7.834918499,0.771963775,0.748807013,0.840741634,5.543071747,5.612331867,4.524617672
1,0,99.14025116,126.8590164,115.7309036,197.4794464,197.1686707,194.7037659,0.136804536,0.107134499,0.135596991,13.56283569,13.59097672,15.69276237,10.80122375,10.15579891,13.26887798,7.492673397,7.578393459,7.564899445,0.796383858,0.747245729,0.845541239,5.855362415,5.676156044,4.836380959
1,0,99.13522339,126.7917862,115.6988831,197.4634399,196.9936218,194.6924133,0.132374018,0.105223909,0.13492021,13.12292767,13.34152699,15.61011791,10.53978252,10.37780094,13.2402544,7.162695885,7.095797539,7.619740963,0.803157866,0.777857065,0.848184109,6.163110733,5.877644539,5.014656067
3,0,102.8810425,116.5129471,139.5996399,197.958252,204.4104004,195.8394318,1.391789556,1.679816365,0.642931938,143.1887665,195.7203522,89.75306702,-40.61080933,-30.91479492,-64.52774811,76.16887665,96.80148315,39.61429214,0.283617288,0.157953903,0.71894753,5.157556534,4.912806511,4.153728008
1,0,99.08724213,126.8766708,115.5851288,197.5008545,197.0609741,194.4927979,0.130933642,0.104492687,0.133541301,12.97385311,13.25768375,15.43538857,10.54858017,10.4612608,13.17325115,6.922139645,6.961461067,7.419415951,0.813064575,0.7890715,0.853444755,5.86086607,5.525218964,4.68156147
1,0,98.80295563,126.7042618,115.394989,197.0978394,196.7835541,194.0576782,0.132497326,0.10509859,0.133367687,13.0911274,13.31643963,15.38996315,10.61721706,10.37128067,13.15171051,7.028325081,7.148868084,7.414160728,0.811023891,0.778832853,0.85456413,5.923295021,5.685245037,4.694033623
1,0,99.88199615,125.6929703,115.0595016,197.1814423,196.8128052,193.9472504,0.135536253,0.105889618,0.135259211,13.53763199,13.3095808,15.56285763,10.6404438,10.00302029,13.22408295,7.737316132,7.429647923,7.511623859,0.785990059,0.751565397,0.849720716,5.484654427,5.673787117,4.506764412
1,0,99.5717926,125.5989685,115.2616882,196.905304,196.4967346,194.0347137,0.133428186,0.10467875,0.133641645,13.28568363,13.14754295,15.40376186,10.60898018,10.13651562,13.16008282,7.360562801,7.110126972,7.373954296,0.798527241,0.770981729,0.854342163,5.714894772,5.408844471,4.50396347
1,0,99.20539093,126.9338531,115.8206253,197.6665649,197.2501221,194.830368,0.131344244,0.103700966,0.133496061,13.03005695,13.16316319,15.46159744,10.59542942,10.36100292,13.24269867,6.967746735,6.941176891,7.345082283,0.813152969,0.787121058,0.856489658,6.172467709,5.787034512,4.937499523
1,0,99.02813721,126.7331543,115.6317062,197.3186951,196.9168243,194.5227814,0.134821266,0.105993755,0.136866689,13.35109901,13.43292332,15.82612896,10.57205963,10.23957157,13.33858395,7.451325417,7.266662598,7.718750954,0.791849375,0.762274265,0.842820346,6.124304771,5.802415848,4.990976334
1,0,99.04975128,126.8625259,115.5866318,197.4663849,197.0412903,194.4615479,0.130240306,0.104358412,0.132675543,12.90026951,13.23917198,15.33551884,10.5366497,10.4859581,13.0937376,6.806028843,6.942775726,7.361493587,0.816777468,0.792040348,0.853817701,5.957350254,5.625000477,4.740952492
1,0,99.09041595,126.821701,115.6716614,197.4486084,197.1007996,194.5691681,0.136420563,0.106933676,0.134501904,13.51797009,13.56151104,15.55805874,10.82809258,10.1948576,13.23863029,7.37697649,7.532692432,7.456590652,0.801014662,0.751749396,0.850917876,6.145228863,5.728371143,5.016051769
1,0,99.10863495,126.8775482,115.6860504,197.5070953,197.1512451,194.609726,0.134501427,0.106350347,0.133671537,13.33025265,13.49347115,15.46393204,10.72165775,10.31037617,13.14383507,7.252909184,7.460953712,7.545259476,0.804310143,0.764101088,0.849967182,5.931568146,5.607879639,4.749479294
1,0,99.00537872,126.7938995,115.4746399,197.366333,196.8865204,194.3247833,0.131309301,0.103773728,0.132768452,13.00032711,13.15787601,15.33138943,10.59518242,10.37233448,13.18095398,6.911344051,6.948607445,7.282914162,0.814993501,0.788298547,0.859736443,5.840946198,5.476554394,4.598829746
1,0,99.2021637,126.9948959,115.8243103,197.7276917,197.331543,194.8027039,0.131684586,0.104502045,0.134700939,13.0633955,13.27122593,15.60164356,10.51805305,10.3878212,13.26272106,7.121431828,7.016964436,7.561023235,0.805154622,0.782732606,0.850084841,6.223082542,5.847860336,4.981388092
1,0,98.99842834,126.7261276,115.6332397,197.2944946,196.9212646,194.4850922,0.131553248,0.105088145,0.136162922,13.02356434,13.31741333,15.74495983,10.43884945,10.45961666,13.2984972,7.131818771,6.942133904,7.693189144,0.801535547,0.785409033,0.844619334,6.231351376,5.950066566,5.04234314
1,0,99.10889435,126.8423691,115.7266617,197.4985352,197.138855,194.6420441,0.135992527,0.106397279,0.135653839,13.47806931,13.49568272,15.69876575,10.74026775,10.18976974,13.30479145,7.477196693,7.467702866,7.585597038,0.796869874,0.755039215,0.847505569,6.160905361,5.710753441,5.027393818
1,0,98.99936676,126.8771362,115.5759201,197.4132996,197.11763,194.3649292,0.132712543,0.106050164,0.134152487,13.1384573,13.45534134,15.50479698,10.59360886,10.40512276,13.13297844,7.099760532,7.228527069,7.536098957,0.806305408,0.773307979,0.847026765,6.076810837,5.789381504,4.928507805
1,0,99.08163452,126.9215317,115.7419968,197.5630493,197.237915,194.613205,0.131244481,0.103926972,0.132877782,13.00391769,13.19057083,15.37953949,10.55030441,10.35730743,13.14680004,7.009786129,7.065268517,7.417495728,0.811317384,0.785205424,0.854824066,6.143600941,5.63472271,4.831268311
1,0,99.08127594,126.8802185,115.6283569,197.5018158,197.0902405,194.5348816,0.136707827,0.108714573,0.135249212,13.54518604,13.79372883,15.63864422,10.75817871,10.31216049,13.13358021,7.420316219,7.668376446,7.690017223,0.794243693,0.747597754,0.839815795,5.953112602,5.557069778,4.716337204
4,0,96.84882355,124.54953,113.3944702,192.6613464,192.7225189,191.348053,1.704653859,1.810504556,1.801057935,165.0937195,225.4974976,204.230011,24.29741478,36.26839828,-0.054525591,79.52174377,115.2870636,105.4893799,0.147173464,0.160837248,0.000266981,6.258360863,6.019871712,4.925852299
1,0,99.11753845,126.8790665,115.6194687,197.541748,197.0734253,194.5508881,0.132131204,0.105615817,0.133822128,13.09651947,13.4004364,15.47244358,10.60203266,10.43651676,13.144063,7.015709877,7.117092133,7.467782974,0.809530556,0.778819144,0.849514365,6.000528812,5.555168152,4.783303738
1,0,99.08067322,126.866806,115.592392,197.4934082,197.0700836,194.4790802,0.136311471,0.106403381,0.136254296,13.50583267,13.49905682,15.74995995,10.66840458,10.14019585,13.32316113,7.553177357,7.43930006,7.639574051,0.789910913,0.751178086,0.845917165,5.978340149,5.569666862,4.8295784
1,0,99.07310486,126.8231277,115.608902,197.4253693,197.0374756,194.5195007,0.130856767,0.10409531,0.133373871,12.96438599,13.20169258,15.41920662,10.53245544,10.45349216,13.17680931,6.950601578,6.978480339,7.457755566,0.812414527,0.791829705,0.854571164,5.850915909,5.477641106,4.670488834
1,0,99.06486511,126.9070892,115.7125397,197.5367889,197.2236938,194.553772,0.132092461,0.104786523,0.133054525,13.08572197,13.29815292,15.39607716,10.63213253,10.40643406,13.16898441,7.012810707,7.137311935,7.403779507,0.812498748,0.782547355,0.855346739,6.178678036,5.611085415,4.896770954
1,0,98.84807587,126.5672379,115.3836823,196.9914246,196.6438599,194.1100159,0.132504731,0.104962833,0.134296268,13.09783745,13.28485584,15.49559784,10.58739281,10.3872509,13.24335289,7.046050549,7.031018257,7.449502945,0.80833137,0.781886637,0.854652584,5.994018555,5.689277172,5.008603096
1,0,99.11551666,126.8922729,115.7061081,197.54216,197.1506348,194.6374664,0.132868454,0.105781041,0.134177268,13.16932583,13.4227972,15.52512932,10.59466267,10.39330864,13.15821171,7.132903576,7.223840237,7.569544315,0.804495454,0.774302721,0.847542822,6.15474987,5.776383877,4.959571838
1,0,99.13784027,126.9092636,115.7286301,197.578064,197.1942749,194.667511,0.133066669,0.105433479,0.133557931,13.19194221,13.38048553,15.45647621,10.64490032,10.33725739,13.1761837,7.102502823,7.200688839,7.44604969,0.806924403,0.772562206,0.8524701,6.094284058,5.760258198,4.926755428
3,0,102.8810425,116.5129471,139.5996399,197.958252,204.4104004,195.8394318,1.391789556,1.679816365,0.642931938,143.1887665,195.7203522,89.75306702,-40.61080933,-30.91479492,-64.52774811,76.16887665,96.80148315,39.61429214,0.283617288,0.157953903,0.71894753,5.157556534,4.912806511,4.153728008
1,0,99.19103241,126.9220734,115.6687927,197.6163635,197.142746,194.6827545,0.131332457,0.104724668,0.1330733,13.02700233,13.29187202,15.3924284,10.59601212,10.46527386,13.15364456,6.969406605,7.074128628,7.469642639,0.813388348,0.78734386,0.854552925,5.855058193,5.578594208,4.720108509
1,0,99.07344055,126.795929,115.6597977,197.4160614,197.0132751,194.5699768,0.133813858,0.105538011,0.13636443,13.25739956,13.38179016,15.77188206,10.54713535,10.3176918,13.33458328,7.356890202,7.180834293,7.709132671,0.795565903,0.771024764,0.8454656,6.23113966,5.919409752,5.084084988
1,0,99.03981018,126.8100739,115.5227051,197.4216461,196.9193573,194.4069519,0.131987453,0.105705425,0.132964358,13.07201195,13.40451241,15.36040211,10.62030411,10.47711849,13.08327866,6.972546577,7.180793285,7.472029686,0.812445998,0.781611323,0.851753652,5.908124447,5.492563725,4.643323421
1,0,99.02818298,126.8709793,115.5659485,197.4417114,197.084259,194.397522,0.133414388,0.10647364,0.13293992,13.21178436,13.50841522,15.36332798,10.70876884,10.39003563,13.06431484,7.074333191,7.377818584,7.444068909,0.810546756,0.76915282,0.850357115,5.895693302,5.547321796,4.718770027
1,0,99.61049652,125.5917206,115.313324,196.9080505,196.5595551,194.1138458,0.133099392,0.105574362,0.132873565,13.25809669,13.2592659,15.32209206,10.68752003,10.2835083,13.06633854,7.131225109,7.09987545,7.260577679,0.806112707,0.775571465,0.852777719,5.809945583,5.480511189,4.631990433
1,0,99.17271423,126.9601059,115.7399139,197.6763,197.2832336,194.6677246,0.134234294,0.106205523,0.133653969,13.31237888,13.48386478,15.46909904,10.71485519,10.31331539,13.17826462,7.179708481,7.333206654,7.440057755,0.804879069,0.764863431,0.851908982,6.077003956,5.661904812,4.950241089
1,0,99.64998627,126.1303253,115.2385559,197.39151,196.656189,194.2638092,0.129563421,0.103117548,0.134803101,12.91099358,13.00624943,15.53451443,10.50511074,10.47048283,13.22349262,7.008261681,6.686404228,7.383615017,0.813656271,0.805034757,0.851233065,5.856065273,5.454015255,4.712883472
1,0,99.06665039,126.7621765,115.6646042,197.3696289,196.9661255,194.5906677,0.132128984,0.105121516,0.137134731,13.08957577,13.32543182,15.86163425,10.42874908,10.42907429,13.37672615,7.275040627,6.981560707,7.808423519,0.796721697,0.782644391,0.84333843,6.21395874,6.037690163,5.068315983
1,0,99.82971191,125.6525803,115.0138168,197.0980072,196.7522736,193.8559418,0.135526717,0.106601767,0.135607138,13.52959347,13.39478683,15.59669495,10.62244606,10.04896259,13.21449566,7.668707371,7.370284557,7.487187386,0.785126746,0.750214458,0.847262561,5.529307842,5.686153412,4.512304306
1,0,99.16621399,126.8656235,115.7640076,197.543869,197.1628265,194.7585297,0.133335769,0.105725154,0.133227676,13.22240353,13.41288757,15.42296982,10.71452236,10.37390709,13.15795326,7.052065849,7.248254776,7.408367157,0.810330927,0.773428321,0.853140056,6.052475929,5.744773388,4.886919498
1,0,99.12928009,126.8788452,115.6973724,197.5353546,197.1723022,194.6197662,0.132143542,0.104920827,0.133873284,13.09929466,13.31223297,15.48878765,10.59193611,10.39392662,13.21460724,7.09138298,7.117403507,7.501705647,0.808588266,0.780780077,0.853172481,6.077552319,5.712074757,4.999662399
1,0,99.09248352,126.8335342,115.5869827,197.4589081,197.019165,194.5128479,0.130978435,0.103412293,0.133400664,12.97897816,13.11614704,15.41938019,10.5528183,10.37305164,13.23120308,6.976790905,6.929717064,7.380778313,0.813070059,0.790861189,0.858089149,5.818903446,5.424565792,4.670095921
1,0,99.05491638,126.9152832,115.608284,197.5222931,197.1287231,194.4663849,0.133073747,0.105330132,0.132276148,13.18160915,13.36800385,15.29221821,10.71396542,10.36302185,13.0899229,7.011126041,7.276578426,7.335070133,0.812796474,0.775210857,0.85598588,5.975126266,5.561700344,4.695142269
1,0,99.06137085,126.9131775,115.6091461,197.5408783,197.1260071,194.4636536,0.130690247,0.104135297,0.133013815,12.94635487,13.2161417,15.37761307,10.51686192,10.43964863,13.1429224,6.893654823,6.94260931,7.386912823,0.812341571,0.789916515,0.854678988,6.043442726,5.602759361,4.756673813
4,0,102.6716614,127.7481689,118.3126144,201.0427551,201.7278595,199.0535889,1.125237346,1.073819876,1.07759726,115.5299911,137.1785278,127.4933472,-36.07995605,-48.14715958,-52.89982224,30.62539101,48.46851349,26.52457619,0.31229949,0.350981742,0.414922208,5.466630459,5.276023865,4.328801155
1,0,99.13784027,126.9092636,115.7286301,197.578064,197.1942749,194.667511,0.133066669,0.105433479,0.133557931,13.19194221,13.38048553,15.45647621,10.64490032,10.33725739,13.1761837,7.102502823,7.200688839,7.44604969,0.806924403,0.772562206,0.8524701,6.094284058,5.760258198,4.926755428
1,0,99.83518219,125.5968781,115.0339127,197.0878906,196.6345367,193.907959,0.134542838,0.105488054,0.135609061,13.43210888,13.24897003,15.59964085,10.5679512,10.04365253,13.23575306,7.615749836,7.227527618,7.47056818,0.78676784,0.758070469,0.848465264,5.44108057,5.582809448,4.434319973
1,0,99.0334549,126.8732071,115.5998001,197.465271,197.0797729,194.4472351,0.13248232,0.10651695,0.133424953,13.12018204,13.5141468,15.42389774,10.62136173,10.50357151,13.09526825,6.992292881,7.222212315,7.513056755,0.809543788,0.777227879,0.849024594,5.980009079,5.601862907,4.686180115
1,0,99.05377197,126.7571716,115.510376,197.367569,196.8685608,194.4185791,0.131285325,0.103474289,0.133301213,13.00430679,13.11610794,15.39767361,10.55044937,10.32261848,13.19728565,7.034326077,6.995250702,7.400834084,0.811304271,0.787018418,0.857096076,5.85287571,5.475138664,4.709075451
1,0,99.07029724,126.8111954,115.6115417,197.3959198,197.043396,194.5188141,0.130542129,0.104757436,0.131615654,12.93284798,13.28441525,15.21628857,10.6028862,10.46542645,13.0109787,6.79030323,7.079974651,7.325142384,0.819841564,0.787797272,0.85506916,5.892258644,5.551171303,4.742387772
1,0,99.10863495,126.8775482,115.6860504,197.5070953,197.1512451,194.609726,0.134501427,0.106350347,0.133671537,13.33025265,13.49347115,15.46393204,10.72165775,10.31037617,13.14383507,7.252909184,7.460953712,7.545259476,0.804310143,0.764101088,0.849967182,5.931568146,5.607879639,4.749479294
1,0,99.21607971,126.8328323,115.7460175,197.5423126,197.1092072,194.8122253,0.131466717,0.104905277,0.132953957,13.04361248,13.30543327,15.38889122,10.58886242,10.43853283,13.12597179,6.948279381,7.07931757,7.452307224,0.811804414,0.784531593,0.852951109,5.893953323,5.51280117,4.78356123
1,0,99.10957336,126.8744812,115.6249542,197.554718,197.0602722,194.5442505,0.13506645,0.106128395,0.135124505,13.38637829,13.46498489,15.62376499,10.65776825,10.2385149,13.25082397,7.340761185,7.31225872,7.542349339,0.796165168,0.760380745,0.848119795,6.049285889,5.55463028,4.784091949
1,0,99.86741638,125.6596985,115.0757599,197.2104492,196.7193756,193.9473572,0.136315793,0.105774172,0.137475342,13.61350632,13.29155064,15.8200798,10.54142952,9.974163055,13.35965443,7.923089504,7.342120647,7.675456047,0.7743361,0.750413775,0.844474554,5.516936779,5.581957817,4.487125397
1,0,99.0447464,126.8506317,115.6275558,197.4216614,197.1240387,194.4718628,0.134387448,0.106706247,0.133881509,13.31037045,13.53575516,15.4803915,10.69369793,10.32245636,13.14834118,7.21352005,7.407711506,7.52003336,0.803411007,0.762606621,0.849354565,5.93625021,5.623922348,4.795119286
0,2,99.56417847,126.7207947,115.7175903,197.9273987,197.1704102,194.7897491,0.134765387,0.105681971,0.135658264,13.41780472,13.3921032,15.69804764,10.47578812,9.994796753,13.14719772,7.718302727,7.465560436,7.783704758,0.780737877,0.746320188,0.837505281,6.104802608,5.611698151,4.820202351
1,0,99.09529877,126.8243484,115.5657501,197.4851227,196.9584808,194.4968109,0.133859113,0.105831757,0.134909123,13.26480865,13.4220438,15.59087372,10.60554886,10.32986832,13.21639729,7.246254921,7.239846706,7.579858303,0.799525201,0.769619644,0.847700894,5.939525127,5.474716187,4.742688179
1,0,98.99067688,126.7721558,115.4796677,197.3163757,196.8939056,194.3159485,0.131670088,0.104733594,0.133059397,13.03411102,13.2773037,15.36565495,10.60848427,10.42430115,13.14991951,6.955700874,7.067055225,7.387282848,0.813901663,0.785121858,0.855799496,5.783974171,5.455729961,4.616816998
1,0,99.1792984,126.8274155,115.6858749,197.542984,197.0523376,194.6990509,0.133128062,0.105673894,0.135179192,13.20354748,13.40234661,15.63832283,10.57454681,10.39011574,13.2577877,7.196273327,7.143445015,7.613491535,0.80088681,0.775246024,0.847775519,5.917644024,5.471112728,4.791540146
1,0,97.50681305,118.1860046,129.459671,192.3991547,198.6172791,189.2420044,1.564346194,1.502366781,0.141460389,152.5344086,177.5587311,18.31341553,21.52537537,20.97564888,15.26083183,69.47945404,67.74044037,8.040050507,0.141118169,0.118133582,0.833314359,5.658881187,5.412468433,4.410722256
1,0,99.852211,125.6452103,115.0627975,197.142334,196.7360992,193.9257965,0.134733662,0.106041327,0.134138748,13.45345402,13.32358456,15.43437958,10.63702106,10.04340553,13.13089466,7.549115658,7.351623535,7.396130085,0.790653527,0.753806591,0.850756228,5.484428406,5.616352558,4.483916283
2,1,97.70346069,128.6138763,119.0040131,196.4866638,203.9824829,195.7191162,1.364905596,1.782183886,0.656576455,133.3560028,229.2135773,78.13523102,7.471879482,-81.25940704,-65.98306274,59.55085373,130.7567291,16.80870247,0.056029569,0.354513943,0.844472587,5.774973869,5.387560368,4.617168903
1,0,99.852211,125.6452103,115.0627975,197.142334,196.7360992,193.9257965,0.134733662,0.106041327,0.134138748,13.45345402,13.32358456,15.43437958,10.63702106,10.04340553,13.13089466,7.549115658,7.351623535,7.396130085,0.790653527,0.753806591,0.850756228,5.484428406,5.616352558,4.483916283
1,0,99.2021637,126.9948959,115.8243103,197.7276917,197.331543,194.8027039,0.131684586,0.104502045,0.134700939,13.0633955,13.27122593,15.60164356,10.51805305,10.3878212,13.26272106,7.121431828,7.016964436,7.561023235,0.805154622,0.782732606,0.850084841,6.223082542,5.847860336,4.981388092
2,0,100.0602646,128.4078522,118.673378,198.9907074,202.8787689,197.3630371,1.209648609,1.345119953,0.552008748,121.0377579,172.7239685,65.50874329,-15.63941288,-67.2743454,-55.24643326,40.37710571,79.5535965,13.95248032,0.129211023,0.389490515,0.84334445,5.847276688,5.619085312,4.48808527
1,0,99.19701385,126.9044571,115.8081589,197.5984344,197.2259827,194.8292389,0.132807359,0.104601316,0.134781599,13.17409325,13.27437305,15.60880852,10.59372997,10.33709145,13.29306221,7.186225414,7.114287853,7.549863338,0.804133534,0.778725386,0.851638496,6.150925636,5.917559624,4.966856003
1,0,99.06704712,126.9111023,115.6134872,197.5238037,197.1285248,194.4875031,0.131345689,0.104038924,0.132993862,13.01202965,13.20369434,15.37588406,10.60463524,10.41033077,13.17952728,6.963716507,7.034738541,7.370819092,0.814987004,0.788440764,0.85715574,5.934550762,5.557575703,4.697319984
1,0,99.42856598,126.3026199,115.6341629,197.3294678,196.9447937,194.5480499,0.128340006,0.102214396,0.132865995,12.76066303,12.90994644,15.36384773,10.47958851,10.42670822,13.16373253,6.813382149,6.598804474,7.259984493,0.821241677,0.807649195,0.856799185,6.003633022,5.671699047,4.835121632
1,0,99.01143646,126.773056,115.4921341,197.3511963,196.8582001,194.3686218,0.131725177,0.104163736,0.132995352,13.04229927,13.20515537,15.35991669,10.61012459,10.40899372,13.14993382,6.984871864,7.083106518,7.404782772,0.813516438,0.788252294,0.85612011,5.760250092,5.426021099,4.544727325
1,0,99.85133362,125.6239624,115.055275,197.1338043,196.6992645,193.9200134,0.134320393,0.105012357,0.135620177,13.41207027,13.1920681,15.60381699,10.56725025,10.06249046,13.26418018,7.630714893,7.220193863,7.491848469,0.78789103,0.762768209,0.850059986,5.369624138,5.471062183,4.425812721
1,0,99.05673218,126.8852615,115.5999374,197.4979248,197.1129303,194.4493256,0.13331686,0.105453975,0.133867145,13.20593262,13.38055515,15.47503376,10.64426136,10.34848785,13.19324017,7.125220299,7.20953989,7.447432041,0.806021154,0.773397505,0.85255003,5.948843002,5.5384202,4.789779186
1,0,99.15197754,126.8448181,115.6931686,197.5361786,197.063385,194.6769257,0.134937093,0.106415547,0.133770689,13.37927914,13.4982605,15.4763546,10.7616787,10.28254604,13.15890598,7.204921722,7.386742592,7.440040112,0.804354131,0.761768222,0.850258768,6.170098305,5.799156189,5.02853632
3,0,98.34882355,118.1241226,128.9891205,192.9315796,198.5462646,189.7416382,1.503084421,1.438002586,0.139418915,147.8265839,169.862793,17.98352242,19.57894897,18.6897583,15.48537636,66.34840393,61.5920639,7.472192764,0.13244538,0.110028557,0.861086965,6.219387054,5.437797546,4.958931446
1,0,99.08128357,126.8353729,115.6044388,197.4506989,197.0186768,194.533905,0.131208017,0.103339583,0.134243697,13.00025845,13.10711479,15.51916695,10.54229641,10.36944389,13.28055573,7.060107708,6.947822571,7.45458746,0.810929775,0.7911309,0.855751872,5.824182034,5.502262592,4.6294384
1,0,99.84146881,125.5963287,115.0832062,197.1153107,196.6803894,193.9420319,0.134420171,0.105988383,0.134244427,13.4207077,13.31175137,15.44927883,10.64956474,10.10238266,13.16602898,7.462101936,7.249737263,7.333781242,0.793517351,0.75890708,0.852209926,5.543830872,5.533586502,4.444311142
1,0,99.19103241,126.9220734,115.6687927,197.6163635,197.142746,194.6827545,0.131332457,0.104724668,0.1330733,13.02700233,13.29187202,15.3924284,10.59601212,10.46527386,13.15364456,6.969406605,7.074128628,7.469642639,0.813388348,0.78734386,0.854552925,5.855058193,5.578594208,4.720108509
1,0,99.07954407,126.9034729,115.6347504,197.5331726,197.1560059,194.5004425,0.133090585,0.104783759,0.133340105,13.18655491,13.29742241,15.41874981,10.65792465,10.29649925,13.17906189,7.131065845,7.22273016,7.403156757,0.808241785,0.774322927,0.854742587,6.096726418,5.671112061,4.839121342
1,0,99.06228638,126.8341064,115.5701065,197.4321747,197.0228882,194.4585876,0.135293022,0.106306702,0.134812757,13.40243626,13.48331547,15.58032513,10.74071693,10.25116444,13.24938488,7.309157372,7.372441292,7.481163502,0.801400363,0.760285139,0.850392044,5.870228767,5.507633686,4.726427078
1,0,99.18941498,126.92556,115.7988052,197.6125488,197.3011475,194.7770233,0.13525103,0.106596202,0.134856075,13.41547012,13.5297823,15.61617279,10.69661522,10.23339844,13.22765827,7.336855888,7.404585361,7.546865463,0.797334373,0.756360888,0.84704864,5.985739708,5.579771042,4.880834103
1,0,99.09095764,126.8225327,115.6109695,197.4440765,197.0249786,194.5410309,0.133439451,0.106537327,0.132553011,13.2226429,13.51133347,15.3245821,10.72238541,10.43908596,13.06292915,6.993402958,7.316856861,7.417317867,0.81091094,0.772616982,0.852416635,5.879085541,5.481413841,4.697507858
4,0,100.0929183959961,128.05279541015625,115.91580963134766,199.1115875244141,197.7324676513672,196.10464477539065,1.9848514795303345,1.8207199573516848,2.013465642929077,198.6695709228516,233.1482849121093,233.3925018310547,-37.78684998,-36.69764328,-60.18202591,98.06191254,124.54060363769533,108.35629272460938,0.1901994794607162,0.157400444,0.2578575909137726,5.333437442779541,5.239097595214844,4.223903179168701
1,0,99.05916595,126.8642426,115.5608902,197.4592285,197.0419006,194.4454041,0.13151066,0.104557529,0.13252674,13.02733612,13.2646122,15.31490803,10.62553978,10.43764591,13.11399651,6.943233967,7.115181923,7.388791561,0.815634131,0.786879063,0.856289625,5.822854996,5.463941097,4.63273716
1,0,99.17271423,126.9601059,115.7399139,197.6763,197.2832336,194.6677246,0.134234294,0.106205523,0.133653969,13.31237888,13.48386478,15.46909904,10.71485519,10.31331539,13.17826462,7.179708481,7.333206654,7.440057755,0.804879069,0.764863431,0.851908982,6.077003956,5.661904812,4.950241089
1,0,99.12928009,126.8788452,115.6973724,197.5353546,197.1723022,194.6197662,0.132143542,0.104920827,0.133873284,13.09929466,13.31223297,15.48878765,10.59193611,10.39392662,13.21460724,7.09138298,7.117403507,7.501705647,0.808588266,0.780780077,0.853172481,6.077552319,5.712074757,4.999662399
1,0,99.0764389,126.8313828,115.5914307,197.5052948,196.9581299,194.4871979,0.136272848,0.106865734,0.138052836,13.5014286,13.55392838,15.95772457,10.57196331,10.20801163,13.37861347,7.660655499,7.409686089,7.86772728,0.783025503,0.75314045,0.838378489,6.065613747,5.694778442,4.88705349
1,0,99.06228638,126.8341064,115.5701065,197.4321747,197.0228882,194.4585876,0.135293022,0.106306702,0.134812757,13.40243626,13.48331547,15.58032513,10.74071693,10.25116444,13.24938488,7.309157372,7.372441292,7.481163502,0.801400363,0.760285139,0.850392044,5.870228767,5.507633686,4.726427078
1,0,99.09593201,126.8739014,115.650589,197.5108795,197.1132813,194.5601044,0.135641128,0.106258921,0.134606168,13.44148445,13.48148346,15.56728268,10.75040627,10.1947422,13.24737263,7.388755322,7.459816933,7.51020956,0.799793065,0.756203294,0.850975275,5.974979877,5.563075066,4.784164429
4,0,100.80703735351562,126.79822540283205,116.52942657470705,198.4609832763672,198.73345947265625,196.36395263671875,1.8257664442062376,1.801272988319397,1.795987606048584,184.05010986328125,228.39822387695312,209.2854004,-28.70936584,-40.04852295,-56.33873367,87.41419219970703,118.47356414794922,89.84182739257812,0.1559866815805435,0.1753451526165008,0.2691957056522369,5.415102481842041,5.391039848327637,4.461930274963379
0,2,103.0275497,128.3365326,119.0827484,202.0019684,202.1016388,200.6619415,0.450094938,0.474165648,0.494676858,46.37217712,60.85277557,58.90747833,-44.57580566,-56.54436493,-57.67248535,7.182723522,18.09479904,1.91342175,0.961261868,0.929199457,0.97903502,5.712780952,5.584303856,4.623310566
1,0,99.15197754,126.8448181,115.6931686,197.5361786,197.063385,194.6769257,0.134937093,0.106415547,0.133770689,13.37927914,13.4982605,15.4763546,10.7616787,10.28254604,13.15890598,7.204921722,7.386742592,7.440040112,0.804354131,0.761768222,0.850258768,6.170098305,5.799156189,5.02853632
3,0,102.8810425,116.5129471,139.5996399,197.958252,204.4104004,195.8394318,1.391789556,1.679816365,0.642931938,143.1887665,195.7203522,89.75306702,-40.61080933,-30.91479492,-64.52774811,76.16887665,96.80148315,39.61429214,0.283617288,0.157953903,0.71894753,5.157556534,4.912806511,4.153728008
1,0,99.12704468,126.8822861,115.6986771,197.5445099,197.1364594,194.6371613,0.131865993,0.105183549,0.132906377,13.07148647,13.34592915,15.37709236,10.62406445,10.44002247,13.11664295,6.955727577,7.137108803,7.429484844,0.812766373,0.782262683,0.852998912,6.08733654,5.777384758,4.926838398
1,0,99.06228638,126.8341064,115.5701065,197.4321747,197.0228882,194.4585876,0.135293022,0.106306702,0.134812757,13.40243626,13.48331547,15.58032513,10.74071693,10.25116444,13.24938488,7.309157372,7.372441292,7.481163502,0.801400363,0.760285139,0.850392044,5.870228767,5.507633686,4.726427078
4,0,99.39050293,124.5268936,115.0067749,195.8254852,195.5788116,193.2644196,1.063773751,0.891550064,0.937253058,105.7290115,111.0219574,107.790451,13.73446369,18.61843109,18.37181664,26.12238312,27.99520111,29.5622654,0.129902512,0.16770044,0.170440108,6.28554821,5.897532463,5.054880619
1,0,99.08139038,126.9453735,115.6298294,197.5783081,197.136261,194.5217285,0.135145262,0.106354102,0.13328591,13.39038086,13.50116158,15.41182709,10.78988838,10.27701759,13.14643288,7.228541374,7.478508472,7.430523872,0.805794001,0.761195064,0.853009343,5.960279465,5.672750473,4.66230011
4,0,96.84882355,124.54953,113.3944702,192.6613464,192.7225189,191.348053,1.704653859,1.810504556,1.801057935,165.0937195,225.4974976,204.230011,24.29741478,36.26839828,-0.054525591,79.52174377,115.2870636,105.4893799,0.147173464,0.160837248,0.000266981,6.258360863,6.019871712,4.925852299
1,0,99.12745667,126.9482117,115.7169495,197.6216583,197.1936798,194.6586914,0.133536726,0.106483661,0.133981183,13.23715591,13.51791,15.50389385,10.65420818,10.3831358,13.1439991,7.116567612,7.270966053,7.500342846,0.80487138,0.768102169,0.847786963,5.995585918,5.632171154,4.709493637
1,0,99.02500153,126.7509155,115.6443024,197.3415527,196.9523163,194.5138092,0.132899031,0.10529273,0.137064517,13.16032696,13.34595013,15.85072994,10.45288849,10.37023926,13.34773636,7.352049828,7.090931892,7.816258907,0.794272721,0.777032673,0.842089713,6.241864681,5.976102352,5.082494259
1,0,99.14008331,126.9098129,115.6431046,197.5666046,197.1282196,194.5985718,0.134069785,0.105102867,0.133822903,13.29168987,13.3385849,15.47569561,10.72453213,10.26360703,13.24546719,7.195402145,7.252896309,7.393161774,0.80685997,0.769467473,0.855888307,5.865859509,5.580877304,4.780982494
1,0,99.10889435,126.8423691,115.7266617,197.4985352,197.138855,194.6420441,0.135992527,0.106397279,0.135653839,13.47806931,13.49568272,15.69876575,10.74026775,10.18976974,13.30479145,7.477196693,7.467702866,7.585597038,0.796869874,0.755039215,0.847505569,6.160905361,5.710753441,5.027393818
1,0,99.1608429,126.9163284,115.6439362,197.6004944,197.1053619,194.6304626,0.133790642,0.105703071,0.133285925,13.26679325,13.41544533,15.41370869,10.70857334,10.3052721,13.12938213,7.151899815,7.335189819,7.435930729,0.807171166,0.768164754,0.851799011,5.870924473,5.595221043,4.6936903
1,0,99.58822632,125.6102753,115.3216324,196.9286957,196.577179,194.0881653,0.133219048,0.105002753,0.133118823,13.26704884,13.18942451,15.35147953,10.66483688,10.2218914,13.14358711,7.196039677,7.035534859,7.253419399,0.803858995,0.775006652,0.856177211,5.809731483,5.488946438,4.569014072
1,0,99.14040375,126.9133453,115.7588196,197.6250763,197.1511841,194.7161713,0.133431464,0.105372429,0.133572176,13.22844887,13.37316704,15.46215725,10.68687344,10.35699272,13.19306469,7.065161228,7.174242973,7.391656876,0.807870507,0.774460733,0.853248656,6.236643791,5.742733002,5.048182964
1,0,99.02813721,126.7331543,115.6317062,197.3186951,196.9168243,194.5227814,0.134821266,0.105993755,0.136866689,13.35109901,13.43292332,15.82612896,10.57205963,10.23957157,13.33858395,7.451325417,7.266662598,7.718750954,0.791849375,0.762274265,0.842820346,6.124304771,5.802415848,4.990976334
1,0,99.1071701,126.8280716,115.5928345,197.4595337,197.0134583,194.5370026,0.131965026,0.106359355,0.132720262,13.07868004,13.48935223,15.34151173,10.61293697,10.51378727,13.01556015,6.957745552,7.264986992,7.541062832,0.811468482,0.779413819,0.848388374,5.868858337,5.542205811,4.71117115
1,0,99.65177917,126.2070465,115.3589249,197.2709503,196.8149261,194.4268951,0.127350643,0.102275342,0.131944045,12.69071865,12.90786839,15.22092342,10.15111732,10.16332531,12.90361404,6.938099861,6.640539169,7.369002819,0.799885154,0.787374437,0.847755015,5.964728832,5.504475117,4.88193512
1,0,99.11354065,126.8130341,115.5908279,197.4613037,196.9767761,194.5478058,0.134644851,0.106917903,0.134601071,13.34512806,13.55858326,15.55864906,10.68793297,10.36904621,13.16591549,7.298910618,7.441448689,7.655191898,0.800886512,0.764758825,0.84621197,5.871099949,5.529938698,4.747846127
1,0,99.20539093,126.9338531,115.8206253,197.6665649,197.2501221,194.830368,0.131344244,0.103700966,0.133496061,13.03005695,13.16316319,15.46159744,10.59542942,10.36100292,13.24269867,6.967746735,6.941176891,7.345082283,0.813152969,0.787121058,0.856489658,6.172467709,5.787034512,4.937499523
4,0,96.84882355,124.54953,113.3944702,192.6613464,192.7225189,191.348053,1.704653859,1.810504556,1.801057935,165.0937195,225.4974976,204.230011,24.29741478,36.26839828,-0.054525591,79.52174377,115.2870636,105.4893799,0.147173464,0.160837248,0.000266981,6.258360863,6.019871712,4.925852299
4,0,99.27861786,124.8468094,114.652298,195.7590637,195.8272247,192.8503113,1.15173316,1.01937604,0.964942098,114.3424759,127.2658463,110.6328278,17.62560463,15.19437408,16.7154274,31.65226746,37.68560028,29.95590973,0.154147476,0.119390823,0.151089221,6.265023232,5.801301479,4.931323051
1,0,99.0634079,126.9070816,115.6037598,197.4997406,197.1465149,194.4551086,0.134960413,0.10640727,0.135071948,13.36963844,13.50383568,15.61482525,10.66055298,10.26710892,13.22876263,7.387800217,7.431530952,7.637206554,0.797370315,0.76031059,0.847192466,5.990093231,5.735555649,4.889508724
1,0,99.21159363,126.9438248,115.7605972,197.668335,197.2239685,194.7828522,0.135341749,0.107167602,0.134274244,13.42747021,13.60426521,15.54366684,10.74265194,10.28279686,13.15684128,7.330007076,7.526284218,7.585649014,0.800050318,0.755850971,0.846443832,6.000352859,5.699268818,4.833282471
1,0,98.80295563,126.7042618,115.394989,197.0978394,196.7835541,194.0576782,0.132497326,0.10509859,0.133367687,13.0911274,13.31643963,15.38996315,10.61721706,10.37128067,13.15171051,7.028325081,7.148868084,7.414160728,0.811023891,0.778832853,0.85456413,5.923295021,5.685245037,4.694033623
1,0,99.65177917,126.2070465,115.3589249,197.2709503,196.8149261,194.4268951,0.127350643,0.102275342,0.131944045,12.69071865,12.90786839,15.22092342,10.15111732,10.16332531,12.90361404,6.938099861,6.640539169,7.369002819,0.799885154,0.787374437,0.847755015,5.964728832,5.504475117,4.88193512
2,0,100.0285797,127.4621964,119.0413742,197.6009064,202.0953674,198.3040161,1.034310102,1.486413002,0.805811286,103.4605713,189.4614716,95.92488098,-13.88118076,-53.9370575,-70.85421753,32.07628632,90.59262848,24.995821,0.134168804,0.284686148,0.738642752,6.035952091,5.447908878,4.69871521
1,0,99.04610443,126.7879028,115.5207748,197.3769226,196.9046631,194.4259949,0.132021159,0.106265798,0.132910892,13.07618141,13.47321796,15.35396957,10.64914513,10.49636936,13.0449667,6.928947449,7.21532774,7.453074932,0.814392567,0.779054344,0.849615276,5.810795784,5.516728401,4.690101147
1,0,99.20623016,126.8841019,115.741806,197.597229,197.184967,194.7503967,0.133993551,0.106191419,0.135545582,13.29299545,13.47400284,15.6882906,10.62742329,10.34575653,13.26448154,7.327720642,7.313192844,7.676790237,0.799475431,0.767830968,0.845502019,5.949555874,5.654065132,4.923339844
1,0,99.08197021,126.9050293,115.681778,197.5192719,197.220108,194.532547,0.133340478,0.105313368,0.133907437,13.2116375,13.36479568,15.49065018,10.64301872,10.28311539,13.20133305,7.152177811,7.20825243,7.419656277,0.805579066,0.769418061,0.852212965,6.215987682,5.855918884,5.070162296
1,0,99.15621948,126.90802,115.7586975,197.5770569,197.2006531,194.7364044,0.133614466,0.105646782,0.134087905,13.24870491,13.40742397,15.52184105,10.67316055,10.3479557,13.22094917,7.173521519,7.253534794,7.505884647,0.805600286,0.771807909,0.851764262,6.057589054,5.788301468,4.877878189
1,0,99.09977722,126.8347931,115.64814,197.480957,197.0256958,194.5868988,0.130195826,0.103868611,0.134179994,12.90237713,13.17415333,15.51766682,10.50612831,10.43123627,13.16412067,6.952471256,6.925423145,7.488433361,0.814278483,0.791795552,0.848331213,6.127282143,5.798552513,4.957408905
1,0,99.14655304,126.9072723,115.6787033,197.5809631,197.1486969,194.6366425,0.134897068,0.106211394,0.135390803,13.37457943,13.47899818,15.66183281,10.65524673,10.23865509,13.25694847,7.365544319,7.357700825,7.588531494,0.79667902,0.75960058,0.846449375,5.936737061,5.630674362,4.784161091
1,0,99.06208038,126.8705978,115.6997299,197.4673309,197.1225891,194.6034851,0.133443668,0.107035384,0.134598076,13.21920776,13.57964325,15.57296085,10.6206398,10.47029305,13.13318729,7.22034359,7.408914089,7.734385967,0.803424835,0.771028578,0.843332708,5.896136761,5.617974758,4.61315918
1,0,99.89064789,125.6582642,115.0905228,197.1420898,196.8340149,193.980423,0.137191445,0.10723339,0.137697652,13.70414257,13.47476196,15.8476944,10.60042095,9.946224213,13.30033398,7.990969181,7.553820133,7.716572762,0.773519456,0.738137305,0.839259863,5.468743324,5.618209362,4.47763443
1,0,99.97174835,125.5968857,115.1391983,197.2603149,196.6033936,194.1215057,0.134299055,0.104942732,0.133779675,13.42611122,13.18048,15.40328407,10.73362637,10.15426445,13.23084259,7.411242485,7.130116463,7.272517681,0.79945904,0.770401716,0.858962476,5.717952251,5.535356998,4.680906296
1,0,99.1107254,126.8984451,115.6444321,197.5345917,197.1678009,194.5353241,0.135566741,0.106324345,0.135195524,13.43611813,13.49239445,15.63460922,10.6909008,10.19992256,13.26853752,7.423789501,7.418338299,7.576237202,0.795683742,0.755975723,0.848664463,6.008384228,5.744320393,4.976484776
1,0,99.1336441,126.8069839,115.6427231,197.4354248,197.0036163,194.6517944,0.132896304,0.106478237,0.133400783,13.17449474,13.50218391,15.42682934,10.6466732,10.402318,13.07730007,7.070674419,7.301978111,7.528181076,0.808127642,0.770417452,0.84769851,5.795424461,5.541211605,4.66929245
1,0,99.12761688,126.8112793,115.6202545,197.4849091,196.9943085,194.5839691,0.134490326,0.106125414,0.135391876,13.33170509,13.45789909,15.6540432,10.65932274,10.33308411,13.27705765,7.286000729,7.26114893,7.581740856,0.799546838,0.767808139,0.848155141,5.960780621,5.510555267,4.809336185
1,0,99.12220001,126.9880905,115.6923218,197.6462708,197.2550964,194.5934601,0.132984176,0.106560498,0.134075552,13.18168449,13.53191376,15.5115118,10.62722301,10.4444418,13.12509346,7.089865685,7.270067215,7.54995203,0.806211293,0.771837771,0.846151769,5.967086792,5.718133926,4.765407562
1,0,99.0828476,126.9002228,115.6158295,197.5344849,197.1378479,194.484848,0.130057901,0.103489414,0.13252826,12.88650703,13.13282967,15.32236481,10.53924847,10.45446014,13.15317535,6.840706825,6.895316601,7.334568977,0.817851424,0.796055436,0.858429849,6.05833292,5.612274647,4.829843521
1,0,99.06140137,126.7889328,115.6661453,197.3872528,197.0002136,194.5860138,0.134877875,0.107082032,0.135500208,13.36119175,13.57681656,15.67278671,10.65084553,10.31745911,13.22433662,7.365785122,7.426762581,7.700241089,0.79714787,0.759932101,0.843777001,6.066473961,5.830253124,4.889991283
1,0,99.06137085,126.9131775,115.6091461,197.5408783,197.1260071,194.4636536,0.130690247,0.104135297,0.133013815,12.94635487,13.2161417,15.37761307,10.51686192,10.43964863,13.1429224,6.893654823,6.94260931,7.386912823,0.812341571,0.789916515,0.854678988,6.043442726,5.602759361,4.756673813
1,0,99.22480011,126.9252701,115.8277817,197.6753845,197.2392426,194.8577881,0.131175131,0.104307584,0.135105178,13.01582623,13.2392683,15.64893341,10.43798065,10.40235233,13.24715137,7.132816792,6.97183609,7.658107758,0.801945269,0.785719573,0.84652102,6.223479748,5.822620392,5.044961929
1,0,99.20531464,126.8626022,115.7439117,197.5808105,197.1131287,194.7884521,0.135473534,0.108144365,0.134488329,13.4396944,13.71947575,15.56620502,10.77609444,10.37134171,13.13160515,7.28653717,7.557825565,7.622691631,0.80181098,0.755957603,0.843597054,6.081768036,5.813494682,4.939270496
1,0,98.99425507,126.7194443,115.5944443,197.3103027,196.8582306,194.4431305,0.133051082,0.105575964,0.134316713,13.17129326,13.37852764,15.5262661,10.59348679,10.34560871,13.19564247,7.128705978,7.146389961,7.509956837,0.804286003,0.773299515,0.849891543,6.231191635,5.807327271,5.036837578
1,0,99.14655304,126.9072723,115.6787033,197.5809631,197.1486969,194.6366425,0.134897068,0.106211394,0.135390803,13.37457943,13.47899818,15.66183281,10.65524673,10.23865509,13.25694847,7.365544319,7.357700825,7.588531494,0.79667902,0.75960058,0.846449375,5.936737061,5.630674362,4.784161091
1,0,99.84534454,125.5652237,115.0617294,197.0647583,196.655304,193.9330139,0.139200971,0.108764969,0.139330685,13.89856911,13.65709782,16.03162956,10.5554657,9.931893349,13.33478069,8.240809441,7.722473145,7.985695839,0.759464204,0.727233112,0.83177948,5.425717831,5.474485874,4.431963921
1,0,99.04694366,126.8187485,115.6291504,197.3784332,197.1054077,194.4829559,0.133206204,0.105512537,0.134333059,13.19366741,13.38096809,15.53281784,10.64120483,10.33002377,13.22396851,7.164902687,7.21924448,7.484637737,0.80653882,0.771993756,0.851356685,5.928096771,5.653614044,4.886881828
1,0,98.98499298,126.7172775,115.580864,197.2680511,196.8790131,194.426651,0.131930605,0.104483999,0.136206642,13.05914974,13.23992825,15.74288177,10.43487263,10.35110283,13.34881973,7.210741043,6.924829006,7.657073021,0.799046874,0.781809568,0.847927332,6.127146244,5.839326382,4.938514233
1,0,99.07344055,126.8028717,115.6838531,197.4368744,197.0230103,194.590744,0.132788524,0.105196826,0.135946915,13.15581608,13.3392601,15.72686291,10.52185822,10.35618591,13.2950182,7.246072292,7.100510597,7.667217255,0.799787581,0.776368856,0.845369995,6.281294823,5.98394537,5.124294758
1,0,99.0607605,126.8707886,115.5665436,197.4906921,197.0351715,194.4480286,0.131578296,0.104909599,0.133677378,13.03424644,13.30996323,15.44863224,10.55905342,10.45476246,13.16529942,7.002037048,7.059497356,7.485485077,0.810100794,0.785483956,0.852198362,5.928539276,5.503995895,4.633411407
1,0,99.13615417,126.8784256,115.6556854,197.5272675,197.1393433,194.5980072,0.131955877,0.104996681,0.133564278,13.08159828,13.32181358,15.4474678,10.61766529,10.4216795,13.16956329,7.057027817,7.157279491,7.484173775,0.811648905,0.782301843,0.852538645,5.922143459,5.566748142,4.808405876
1,0,99.02500153,126.7509155,115.6443024,197.3415527,196.9523163,194.5138092,0.132899031,0.10529273,0.137064517,13.16032696,13.34595013,15.85072994,10.45288849,10.37023926,13.34773636,7.352049828,7.090931892,7.816258907,0.794272721,0.777032673,0.842089713,6.241864681,5.976102352,5.082494259
1,0,99.18494415,126.882782,115.7195358,197.5946045,197.1195984,194.7302856,0.135446072,0.107214876,0.134394288,13.43421078,13.60372162,15.55204487,10.73421955,10.28617477,13.15953827,7.358515739,7.534344673,7.623940468,0.799021244,0.756129444,0.846161306,6.078073978,5.811197281,4.936934948
1,0,99.78583527,125.5134277,114.9618301,196.9671021,196.5253448,193.7919464,0.139042869,0.109212123,0.142475098,13.87450886,13.7075882,16.37919807,10.41232872,9.977665901,13.46038914,8.377947807,7.580366611,8.212770462,0.750464678,0.727893591,0.821797788,5.377067566,5.46084547,4.365413666
4,0,99.5519104,126.4135895,115.7058029,197.0163879,196.7489014,195.1733246,0.298706859,0.562415659,0.678404093,29.73683929,71.09698486,78.49529266,8.187901497,17.21670532,5.270632744,10.18224907,17.78524208,21.2274189,0.275345385,0.242158026,0.067145847,5.869174957,5.650491238,4.677669525
1,0,99.03629303,126.7782822,115.5819931,197.346756,196.9696808,194.4676056,0.130818099,0.104326926,0.134416506,12.95573997,13.22638893,15.53612804,10.46940041,10.43289948,13.22938728,7.010725975,6.915884972,7.534312725,0.808089733,0.788794219,0.851524115,5.90419054,5.52423954,4.724641323
1,0,98.87812042,105.6998596,146.6521912,188.6807098,201.5798035,184.3615875,2.203714848,2.114980221,0.13022089,217.8991852,223.5531158,19.09717941,21.41313934,22.11050987,16.31581116,152.0859528,134.1135101,7.490226746,0.098270856,0.098904952,0.854357123,5.557160854,5.190118313,4.570244789
4,0,100.6031342,128.1515198,116.8767242,199.3747864,198.9278107,197.4170227,1.739087582,1.755603194,1.902377129,174.9576569,224.9832153,222.3436127,-36.49414063,-37.73030853,-66.77646637,80.86393738,112.8191223,92.52780151,0.208588421,0.167702764,0.300330043,5.190562248,5.015184879,4.094799042
1,0,99.57469177,125.5774689,115.2981949,196.8787994,196.5398102,194.0548401,0.134244815,0.105163783,0.131798878,13.36738586,13.20620155,15.19617271,10.76043701,10.15294075,13.05141068,7.209911346,7.222472191,7.178386688,0.80497694,0.768800974,0.858861685,5.770932198,5.41870451,4.575099945
1,0,99.09846497,126.9870377,115.6833649,197.6172943,197.269516,194.5565033,0.136427075,0.106283978,0.136585534,13.5197134,13.49668789,15.80067444,10.70318985,10.18404293,13.38798714,7.568074226,7.448849201,7.666496277,0.791672826,0.754558682,0.847304761,5.951354027,5.658773899,4.780900002
1,0,99.77871704,125.5284195,114.910675,196.9442749,196.551651,193.7250061,0.140217498,0.108184509,0.142336428,13.9907217,13.58023071,16.3559742,10.48678684,9.866454124,13.53808022,8.433644295,7.592764854,8.07302475,0.749552965,0.726530671,0.827714682,5.382222176,5.541748047,4.401536465
1,0,99.87509155,125.6183243,114.9879456,197.1285248,196.6171722,193.9117279,0.134260222,0.106157064,0.135968,13.40925217,13.33527279,15.63468075,10.51730728,10.10930061,13.19163513,7.631216526,7.263056278,7.587256432,0.784332156,0.758087277,0.843741894,5.47495985,5.64565897,4.439153671
1,0,99.07571411,126.8906479,115.6701279,197.5048676,197.1201324,194.5754547,0.132772788,0.10542731,0.133775219,13.15455914,13.37773991,15.47379684,10.6256485,10.38323402,13.17773724,7.101645947,7.202562809,7.50258112,0.80775404,0.776157558,0.851616263,5.908839226,5.636574268,4.651077747
1,0,99.51753235,126.8942719,115.6241989,197.7590637,197.1044769,194.9353943,0.129160538,0.105695672,0.133084685,12.85373783,13.41217518,15.38780975,10.40566158,10.57081413,12.82528973,6.898926258,7.129627228,7.720860958,0.80954361,0.788150609,0.833470762,6.110043526,5.742813587,4.93951416
1,0,99.16492462,126.9134521,115.6899796,197.5940247,197.1732941,194.6530457,0.132254541,0.105096519,0.134042636,13.11501122,13.33816242,15.50739002,10.55928421,10.40753365,13.19795132,7.097047329,7.108258724,7.552402973,0.805129647,0.780282438,0.851074934,6.087325096,5.793459892,5.036518574
1,0,99.10772705,126.842926,115.6495514,197.4720612,197.0524597,194.6110687,0.133864179,0.105956942,0.133506402,13.26697445,13.43988895,15.43995571,10.68537712,10.34059429,13.13700008,7.189409256,7.373829842,7.534976959,0.805411756,0.769395828,0.850844443,5.849210739,5.492584229,4.624904156
1,0,99.10693359,126.8354263,115.5842361,197.4976807,197.0125732,194.5045624,0.13196823,0.10395404,0.134083703,13.07896614,13.18505478,15.497962,10.5563736,10.33181572,13.25305939,7.07773304,6.97825861,7.419038296,0.807125986,0.783600509,0.855148554,5.939949989,5.491807938,4.771990299
1,0,99.02500153,126.7509155,115.6443024,197.3415527,196.9523163,194.5138092,0.132899031,0.10529273,0.137064517,13.16032696,13.34595013,15.85072994,10.45288849,10.37023926,13.34773636,7.352049828,7.090931892,7.816258907,0.794272721,0.777032673,0.842089713,6.241864681,5.976102352,5.082494259
1,0,99.13056946,126.9621124,115.7775879,197.6132965,197.2739563,194.7237396,0.135663435,0.105940819,0.136182502,13.44839382,13.45046997,15.76688194,10.70628166,10.20044804,13.36401367,7.42689991,7.332458019,7.550032139,0.796101153,0.758371115,0.847600281,5.952056408,5.615894794,4.663986683
1,0,99.00553131,126.8354721,115.5161819,197.4147491,196.9672546,194.3515472,0.131032109,0.104369923,0.132725507,12.97290325,13.23780823,15.33194351,10.56915951,10.42183495,13.11740494,6.922042847,7.033855915,7.381114006,0.814710438,0.787277997,0.855560482,5.90019989,5.472516537,4.610330105
1,0,99.51753235,126.8942719,115.6241989,197.7590637,197.1044769,194.9353943,0.129160538,0.105695672,0.133084685,12.85373783,13.41217518,15.38780975,10.40566158,10.57081413,12.82528973,6.898926258,7.129627228,7.720860958,0.80954361,0.788150609,0.833470762,6.110043526,5.742813587,4.93951416
2,1,93.59233856,126.8285294,118.9867935,190.3874817,205.2062683,191.2514801,1.803118229,2.418619871,0.80225873,168.7580566,306.75,95.45819092,56.42610931,-90.47123718,-76.93377686,104.8240051,239.7167511,41.68301392,0.334360987,0.29493475,0.805942118,6.155570507,5.387087345,4.914100647
1,0,101.28880310058594,143.47991943359375,146.1237030029297,202.1483154296875,202.26370239257807,200.495849609375,0.4413082897663116,0.4606064856052398,0.4905184507369995,44.699588775634766,66.08778381347656,71.6763687133789,-35.86104584,-53.78844452,-65.6087265,4.201358795166016,28.46647071838379,1.1869622468948364,0.8022679090499878,0.8138939142227173,0.9153466820716858,5.831517219543457,5.799888610839844,4.551555156707764
4,0,100.8362045288086,128.51657104492188,117.19110870361328,200.0385284423828,199.5186920166016,197.80946350097656,1.6764599084854126,1.5625724792480469,1.6647893190383911,169.0478516,200.8164520263672,195.0985107421875,-42.53325272,-46.18317032,-62.06537247,66.69393157958984,89.00462341308594,73.13263702392578,0.251604825,0.2299770265817642,0.3181232511997223,5.144954204559326,5.124474048614502,4.103121757507324
1,0,99.86831665,125.6525879,115.0729828,197.1982422,196.7191925,193.9458923,0.134991631,0.106599592,0.136376441,13.48138714,13.39451504,15.69324398,10.54726219,10.09232616,13.20389175,7.695688725,7.341859341,7.610618114,0.782357335,0.753467083,0.841374278,5.476060867,5.535818577,4.446168423
1,0,99.81253052,125.5959396,114.969101,197.0427551,196.6651306,193.791153,0.135750175,0.106773309,0.136648923,13.54956818,13.41029453,15.71040344,10.59139347,10.05713463,13.26885319,7.741652489,7.353343487,7.57050848,0.781677544,0.74995631,0.844590247,5.455591679,5.575184345,4.429873943
1,0,99.04975128,126.8625259,115.5866318,197.4663849,197.0412903,194.4615479,0.130240306,0.104358412,0.132675543,12.90026951,13.23917198,15.33551884,10.5366497,10.4859581,13.0937376,6.806028843,6.942775726,7.361493587,0.816777468,0.792040348,0.853817701,5.957350254,5.625000477,4.740952492
1,0,99.78308868,125.612648,114.9534683,197.0413513,196.6515503,193.7565765,0.138418913,0.10688021,0.138671085,13.81186676,13.42550659,15.94072247,10.60520172,9.86343956,13.41466999,8.140312195,7.539851189,7.738486767,0.767832637,0.734679163,0.841534615,5.41920805,5.572117329,4.397126198
1,0,99.42856598,126.3026199,115.6341629,197.3294678,196.9447937,194.5480499,0.128340006,0.102214396,0.132865995,12.76066303,12.90994644,15.36384773,10.47958851,10.42670822,13.16373253,6.813382149,6.598804474,7.259984493,0.821241677,0.807649195,0.856799185,6.003633022,5.671699047,4.835121632
1,0,99.08272552,126.8666382,115.5970535,197.5036621,197.0438995,194.5016022,0.134062976,0.105808243,0.134705588,13.2833252,13.4235363,15.57156944,10.64808464,10.31663895,13.23542881,7.286397457,7.297448158,7.575828552,0.801612914,0.768548548,0.849973977,5.956611633,5.558190346,4.72903347
1,0,99.7868042,125.5884552,114.950676,197.0089722,196.6360016,193.7640076,0.138785377,0.108538464,0.137171179,13.84894943,13.6311779,15.76791954,10.72924709,9.919210434,13.2406292,7.979726315,7.708786488,7.608769894,0.774733663,0.727685511,0.839719474,5.408344269,5.594799519,4.440536499
1,0,99.07861328,126.896759,115.6862259,197.500351,197.1890411,194.5660858,0.133677527,0.105218358,0.134215415,13.24458408,13.35186863,15.52687454,10.64029694,10.2703743,13.22009087,7.248762131,7.285944462,7.512164116,0.803369641,0.769208729,0.85143286,5.973816872,5.65844965,4.72585392
1,0,99.10481262,126.8016586,115.6382828,197.483551,196.9453735,194.5882721,0.132428274,0.104772501,0.133859634,13.12427902,13.28532696,15.47929859,10.587677,10.34055424,13.19209862,7.077412605,7.08427,7.452928066,0.806724489,0.778343976,0.852241397,6.085636139,5.71655035,4.877607822
1,0,98.95991516,126.7718277,115.5614471,197.3328247,197.0066528,194.3000183,0.131523162,0.104883865,0.133405477,13.01552105,13.29631901,15.41652966,10.55235386,10.42693043,13.17742348,6.936880589,6.976015568,7.381320477,0.810751557,0.784196794,0.854759395,6.184973717,5.628203392,5.009721756
1,0,99.08246613,126.8400955,115.7032394,197.4530182,197.1671295,194.5825195,0.131275445,0.1051898,0.134010449,13.00709438,13.3422842,15.50544262,10.50218296,10.47425747,13.15621662,7.051427364,7.106001854,7.615682125,0.807419598,0.785042286,0.848490238,6.116007805,5.650846481,4.944533348
1,0,98.95778656,126.6983566,115.5652084,197.2505341,196.8237305,194.3830566,0.131533384,0.10477744,0.133537307,13.01625252,13.27512932,15.43226719,10.53979111,10.40455627,13.15005207,6.945035458,6.986253738,7.435217381,0.809740841,0.783763111,0.852114081,6.431168556,6.032310963,5.275244236
4,0,100.0929183959961,128.05279541015625,115.91580963134766,199.1115875244141,197.7324676513672,196.10464477539065,1.9848514795303345,1.8207199573516848,2.013465642929077,198.6695709228516,233.1482849121093,233.3925018310547,-37.78684998,-36.69764328,-60.18202591,98.06191254,124.54060363769533,108.35629272460938,0.1901994794607162,0.157400444,0.2578575909137726,5.333437442779541,5.239097595214844,4.223903179168701
1,0,99.03857422,126.8550034,115.5995941,197.4174347,197.0772095,194.4676819,0.131819442,0.10462442,0.132222056,13.05520916,13.27213097,15.28481579,10.64740562,10.42383385,13.11601639,6.89334631,7.089323997,7.321744442,0.815567613,0.785392642,0.858107567,5.862620354,5.573309422,4.695461273
1,0,99.76928711,125.58535,114.8991776,197.0075989,196.5839233,193.6929932,0.140623182,0.108109631,0.141854137,14.0298748,13.57698536,16.29892349,10.53394222,9.837966919,13.57510853,8.519753456,7.673465252,8.084532738,0.750822246,0.724606156,0.832883775,5.418831348,5.525784016,4.40536499
1,0,99.21607971,126.8328323,115.7460175,197.5423126,197.1092072,194.8122253,0.131466717,0.104905277,0.132953957,13.04361248,13.30543327,15.38889122,10.58886242,10.43853283,13.12597179,6.948279381,7.07931757,7.452307224,0.811804414,0.784531593,0.852951109,5.893953323,5.51280117,4.78356123
1,0,99.05861664,126.8492966,115.6446075,197.4368134,197.1427765,194.4916687,0.134952098,0.106583558,0.133868396,13.36816788,13.5200491,15.48115826,10.73059654,10.24445057,13.16855526,7.259842396,7.430435181,7.45554781,0.802697599,0.757722855,0.850618243,6.148693562,5.752278328,5.00930357
1,0,99.15755463,127.0013657,115.7026138,197.6847076,197.2932434,194.6226349,0.135142744,0.105785757,0.135570943,13.400424,13.43493557,15.68591213,10.66140842,10.2330122,13.32637024,7.416486263,7.333960056,7.594509602,0.795602322,0.761671841,0.849575758,5.983067989,5.68543005,4.830336094
1,0,99.76501465,125.566246,114.9227066,197.0205688,196.5284424,193.730835,0.140105411,0.107811257,0.143212795,13.97761822,13.53745461,16.45840263,10.38566494,9.874504089,13.60651302,8.610951424,7.604037762,8.293623924,0.743021071,0.72942102,0.82672137,5.446522236,5.487168789,4.297868252
2,0,100.3090744,128.6582184,119.138031,199.189743,202.8570709,198.5821838,0.968911707,1.262304664,0.651386142,97.19063568,162.4058685,77.60486603,-23.56714249,-67.41411591,-67.90122223,27.53608513,70.36504364,9.213768959,0.242483675,0.415096551,0.874960899,5.889695168,5.532203197,4.611298561
2,1,93.59233856,126.8285294,118.9867935,190.3874817,205.2062683,191.2514801,1.803118229,2.418619871,0.80225873,168.7580566,306.75,95.45819092,56.42610931,-90.47123718,-76.93377686,104.8240051,239.7167511,41.68301392,0.334360987,0.29493475,0.805942118,6.155570507,5.387087345,4.914100647
